USUBJID,PARAM,PARAMCD,BASE,AVAL,CHG,PCHG,AVISIT,AVISITN,ADT
SUB001,Total Symptom Score,TSS,61,58,-3,-4.92,Week 8,8,2025-02-28
SUB002,Total Symptom Score,TSS,62,58,-4,-6.45,Week 8,8,2025-02-28
SUB003,Total Symptom Score,TSS,63,61,-2,-3.17,Week 8,8,2025-02-28
SUB004,Total Symptom Score,TSS,64,61,,-4.69,Week 8,8,2025-02-28
SUB005,Total Symptom Score,TSS,65,61,-4,,Week 8,8,2025-02-28
SUB006,Total Symptom Score,TSS,66,64,-2,-3.03,Week 8,8,2025-02-28
SUB007,Total Symptom Score,TSS,67,64,-3,-4.48,Week 8,8,2025-02-28
SUB008,Total Symptom Score,TSS,68,64,,-5.88,Week 8,8,2025-02-28
SUB009,Total Symptom Score,TSS,69,67,-2,-2.9,Week 8,8,2025-02-28
SUB010,Total Symptom Score,TSS,70,67,-3,,Week 8,8,2025-02-28
SUB011,Total Symptom Score,TSS,60,56,-4,-6.67,Week 8,8,2025-02-28
SUB012,Total Symptom Score,TSS,61,59,,-3.28,Week 8,8,2025-02-28
SUB013,Total Symptom Score,TSS,62,59,-3,-4.84,Week 8,8,2025-02-28
SUB014,Total Symptom Score,TSS,63,59,-4,-6.35,Week 8,8,2025-02-28
SUB015,Total Symptom Score,TSS,64,62,-2,,Week 8,8,2025-02-28
SUB016,Total Symptom Score,TSS,65,62,,-4.62,Week 8,8,2025-02-28
SUB017,Total Symptom Score,TSS,66,62,-4,-6.06,Week 8,8,2025-02-28
SUB018,Total Symptom Score,TSS,67,65,-2,-2.99,Week 8,8,2025-02-28
SUB019,Total Symptom Score,TSS,68,65,-3,-4.41,Week 8,8,2025-02-28
SUB020,Total Symptom Score,TSS,69,65,,,Week 8,8,2025-02-28
SUB021,Total Symptom Score,TSS,70,62,-8,-11.43,Week 8,8,2025-02-28
SUB022,Total Symptom Score,TSS,60,51,-9,-15.0,Week 8,8,2025-02-28
SUB023,Total Symptom Score,TSS,61,51,-10,-16.39,Week 8,8,2025-02-28
SUB024,Total Symptom Score,TSS,62,55,,-11.29,Week 8,8,2025-02-28
SUB025,Total Symptom Score,TSS,63,55,-8,,Week 8,8,2025-02-28
SUB026,Total Symptom Score,TSS,64,55,-9,-14.06,Week 8,8,2025-02-28
SUB027,Total Symptom Score,TSS,65,55,-10,-15.38,Week 8,8,2025-02-28
SUB028,Total Symptom Score,TSS,66,59,,-10.61,Week 8,8,2025-02-28
SUB029,Total Symptom Score,TSS,67,59,-8,-11.94,Week 8,8,2025-02-28
SUB030,Total Symptom Score,TSS,68,59,-9,,Week 8,8,2025-02-28
SUB031,Total Symptom Score,TSS,69,59,-10,-14.49,Week 8,8,2025-02-28
SUB032,Total Symptom Score,TSS,70,63,,-10.0,Week 8,8,2025-02-28
SUB033,Total Symptom Score,TSS,60,52,-8,-13.33,Week 8,8,2025-02-28
SUB034,Total Symptom Score,TSS,61,52,-9,-14.75,Week 8,8,2025-02-28
SUB035,Total Symptom Score,TSS,62,52,-10,,Week 8,8,2025-02-28
SUB036,Total Symptom Score,TSS,63,56,,-11.11,Week 8,8,2025-02-28
SUB037,Total Symptom Score,TSS,64,56,-8,-12.5,Week 8,8,2025-02-28
SUB038,Total Symptom Score,TSS,65,56,-9,-13.85,Week 8,8,2025-02-28
SUB039,Total Symptom Score,TSS,66,56,-10,-15.15,Week 8,8,2025-02-28
SUB040,Total Symptom Score,TSS,67,60,,,Week 8,8,2025-02-28
SUB041,Total Symptom Score,TSS,68,56,-12,-17.65,Week 8,8,2025-02-28
SUB042,Total Symptom Score,TSS,69,56,-13,-18.84,Week 8,8,2025-02-28
SUB043,Total Symptom Score,TSS,70,56,-14,-20.0,Week 8,8,2025-02-28
SUB044,Total Symptom Score,TSS,60,45,,-25.0,Week 8,8,2025-02-28
SUB045,Total Symptom Score,TSS,61,50,-11,,Week 8,8,2025-02-28
SUB046,Total Symptom Score,TSS,62,50,-12,-19.35,Week 8,8,2025-02-28
SUB047,Total Symptom Score,TSS,63,50,-13,-20.63,Week 8,8,2025-02-28
SUB048,Total Symptom Score,TSS,64,50,,-21.88,Week 8,8,2025-02-28
SUB049,Total Symptom Score,TSS,65,50,-15,-23.08,Week 8,8,2025-02-28
SUB050,Total Symptom Score,TSS,66,55,-11,,Week 8,8,2025-02-28
SUB051,Total Symptom Score,TSS,67,55,-12,-17.91,Week 8,8,2025-02-28
SUB052,Total Symptom Score,TSS,68,55,,-19.12,Week 8,8,2025-02-28
SUB053,Total Symptom Score,TSS,69,55,-14,-20.29,Week 8,8,2025-02-28
SUB054,Total Symptom Score,TSS,70,55,-15,-21.43,Week 8,8,2025-02-28
SUB055,Total Symptom Score,TSS,60,49,-11,,Week 8,8,2025-02-28
SUB056,Total Symptom Score,TSS,61,49,,-19.67,Week 8,8,2025-02-28
SUB057,Total Symptom Score,TSS,62,49,-13,-20.97,Week 8,8,2025-02-28
SUB058,Total Symptom Score,TSS,63,49,-14,-22.22,Week 8,8,2025-02-28
SUB059,Total Symptom Score,TSS,64,49,-15,-23.44,Week 8,8,2025-02-28
SUB060,Total Symptom Score,TSS,65,54,,,Week 8,8,2025-02-28
