USUBJID,SEX,AGE,ARM,ARMCD
SUB001,F,31,Placebo,PBO
SUB002,M,32,Placebo,PBO
SUB003,F,33,Placebo,PBO
SUB004,M,34,Placebo,PBO
SUB005,F,35,Placebo,PBO
SUB006,M,36,Placebo,PBO
SUB007,F,37,Placebo,PBO
SUB008,M,38,Placebo,PBO
SUB009,F,39,Placebo,PBO
SUB010,M,40,Placebo,PBO
SUB011,F,41,Placebo,PBO
SUB012,M,42,Placebo,PBO
SUB013,F,43,Placebo,PBO
SUB014,M,44,Placebo,PBO
SUB015,F,45,Placebo,PBO
SUB016,M,46,Placebo,PBO
SUB017,F,47,Placebo,PBO
SUB018,M,48,Placebo,PBO
SUB019,F,49,Placebo,PBO
SUB020,M,50,Placebo,PBO
SUB021,F,51,Drug A 50 mg,DA50
SUB022,M,52,Drug A 50 mg,DA50
SUB023,F,53,Drug A 50 mg,DA50
SUB024,M,54,Drug A 50 mg,DA50
SUB025,F,55,Drug A 50 mg,DA50
SUB026,M,56,Drug A 50 mg,DA50
SUB027,F,57,Drug A 50 mg,DA50
SUB028,M,58,Drug A 50 mg,DA50
SUB029,F,59,Drug A 50 mg,DA50
SUB030,M,60,Drug A 50 mg,DA50
SUB031,F,61,Drug A 50 mg,DA50
SUB032,M,62,Drug A 50 mg,DA50
SUB033,F,63,Drug A 50 mg,DA50
SUB034,M,64,Drug A 50 mg,DA50
SUB035,F,30,Drug A 50 mg,DA50
SUB036,M,31,Drug A 50 mg,DA50
SUB037,F,32,Drug A 50 mg,DA50
SUB038,M,33,Drug A 50 mg,DA50
SUB039,F,34,Drug A 50 mg,DA50
SUB040,M,35,Drug A 50 mg,DA50
SUB041,F,36,Drug A 100 mg,DA100
SUB042,M,37,Drug A 100 mg,DA100
SUB043,F,38,Drug A 100 mg,DA100
SUB044,M,39,Drug A 100 mg,DA100
SUB045,F,40,Drug A 100 mg,DA100
SUB046,M,41,Drug A 100 mg,DA100
SUB047,F,42,Drug A 100 mg,DA100
SUB048,M,43,Drug A 100 mg,DA100
SUB049,F,44,Drug A 100 mg,DA100
SUB050,M,45,Drug A 100 mg,DA100
SUB051,F,46,Drug A 100 mg,DA100
SUB052,M,47,Drug A 100 mg,DA100
SUB053,F,48,Drug A 100 mg,DA100
SUB054,M,49,Drug A 100 mg,DA100
SUB055,F,50,Drug A 100 mg,DA100
SUB056,M,51,Drug A 100 mg,DA100
SUB057,F,52,Drug A 100 mg,DA100
SUB058,M,53,Drug A 100 mg,DA100
SUB059,F,54,Drug A 100 mg,DA100
SUB060,M,55,Drug A 100 mg,DA100
