USUBJID,AETERM,AEDECOD,AESEV,AESER,AESTDTC,AEENDTC
SUB003,Headache,Headache,MILD,N,2025-01-12,2025-01-14
SUB006,Headache,Headache,MILD,N,2025-01-12,2025-01-14
SUB009,Headache,Headache,MILD,N,2025-01-12,2025-01-14
SUB010,Nausea,Nausea,SEVERE,Y,2025-02-05,2025-02-08
SUB012,Headache,Headache,MILD,N,2025-01-12,2025-01-14
SUB015,Headache,Headache,MILD,N,2025-01-12,2025-01-14
SUB018,Headache,Headache,MILD,N,2025-01-12,2025-01-14
SUB021,Headache,Headache,MILD,N,2025-01-12,2025-01-14
SUB024,Headache,Headache,MILD,N,2025-01-12,2025-01-14
SUB027,Headache,Headache,MILD,N,2025-01-12,2025-01-14
SUB027,Nausea,Nausea,SEVERE,Y,2025-02-05,2025-02-08
SUB030,Headache,Headache,MILD,N,2025-01-12,2025-01-14
SUB033,Headache,Headache,MILD,N,2025-01-12,2025-01-14
SUB036,Headache,Headache,MILD,N,2025-01-12,2025-01-14
SUB039,Headache,Headache,MILD,N,2025-01-12,2025-01-14
SUB042,Headache,Headache,MILD,N,2025-01-12,2025-01-14
SUB044,Nausea,Nausea,SEVERE,Y,2025-02-05,2025-02-08
SUB045,Headache,Headache,MILD,N,2025-01-12,2025-01-14
SUB048,Headache,Headache,MILD,N,2025-01-12,2025-01-14
SUB051,Headache,Headache,MILD,N,2025-01-12,2025-01-14
SUB054,Headache,Headache,MILD,N,2025-01-12,2025-01-14
SUB057,Headache,Headache,MILD,N,2025-01-12,2025-01-14
SUB058,Nausea,Nausea,SEVERE,Y,2025-02-05,2025-02-08
SUB060,Headache,Headache,MILD,N,2025-01-12,2025-01-14
