USUBJID,EXTRT,EXDOSE,EXDOSU,EXROUTE,EXSTDTC,EXENDTC,EXDOSFRQ
SUB001,Placebo,0,mg,ORAL,2025-01-01,2025-02-28,QD
SUB002,Placebo,0,mg,ORAL,2025-01-01,2025-02-28,QD
SUB003,Placebo,0,mg,ORAL,2025-01-01,2025-02-28,QD
SUB004,Placebo,0,mg,ORAL,2025-01-01,2025-02-28,QD
SUB005,Placebo,0,mg,ORAL,2025-01-01,2025-02-28,QD
SUB006,Placebo,0,mg,ORAL,2025-01-01,2025-02-28,QD
SUB007,Placebo,0,mg,ORAL,2025-01-01,2025-02-28,QD
SUB008,Placebo,0,mg,ORAL,2025-01-01,2025-02-28,QD
SUB009,Placebo,0,mg,ORAL,2025-01-01,2025-02-28,QD
SUB010,Placebo,0,mg,ORAL,2025-01-01,2025-02-28,QD
SUB011,Placebo,0,mg,ORAL,2025-01-01,2025-02-28,QD
SUB012,Placebo,0,mg,ORAL,2025-01-01,2025-02-28,QD
SUB013,Placebo,0,mg,ORAL,2025-01-01,2025-02-28,QD
SUB014,Placebo,0,mg,ORAL,2025-01-01,2025-02-28,QD
SUB015,Placebo,0,mg,ORAL,2025-01-01,2025-02-28,QD
SUB016,Placebo,0,mg,ORAL,2025-01-01,2025-02-28,QD
SUB017,Placebo,0,mg,ORAL,2025-01-01,2025-02-28,QD
SUB018,Placebo,0,mg,ORAL,2025-01-01,2025-02-28,QD
SUB019,Placebo,0,mg,ORAL,2025-01-01,2025-02-28,QD
SUB020,Placebo,0,mg,ORAL,2025-01-01,2025-02-28,QD
SUB021,Drug A 50 mg,50,mg,ORAL,2025-01-01,2025-02-28,QD
SUB022,Drug A 50 mg,50,mg,ORAL,2025-01-01,2025-02-28,QD
SUB023,Drug A 50 mg,50,mg,ORAL,2025-01-01,2025-02-28,QD
SUB024,Drug A 50 mg,50,mg,ORAL,2025-01-01,2025-02-28,QD
SUB025,Drug A 50 mg,50,mg,ORAL,2025-01-01,2025-02-28,QD
SUB026,Drug A 50 mg,50,mg,ORAL,2025-01-01,2025-02-28,QD
SUB027,Drug A 50 mg,50,mg,ORAL,2025-01-01,2025-02-28,QD
SUB028,Drug A 50 mg,50,mg,ORAL,2025-01-01,2025-02-28,QD
SUB029,Drug A 50 mg,50,mg,ORAL,2025-01-01,2025-02-28,QD
SUB030,Drug A 50 mg,50,mg,ORAL,2025-01-01,2025-02-28,QD
SUB031,Drug A 50 mg,50,mg,ORAL,2025-01-01,2025-02-28,QD
SUB032,Drug A 50 mg,50,mg,ORAL,2025-01-01,2025-02-28,QD
SUB033,Drug A 50 mg,50,mg,ORAL,2025-01-01,2025-02-28,QD
SUB034,Drug A 50 mg,50,mg,ORAL,2025-01-01,2025-02-28,QD
SUB035,Drug A 50 mg,50,mg,ORAL,2025-01-01,2025-02-28,QD
SUB036,Drug A 50 mg,50,mg,ORAL,2025-01-01,2025-02-28,QD
SUB037,Drug A 50 mg,50,mg,ORAL,2025-01-01,2025-02-28,QD
SUB038,Drug A 50 mg,50,mg,ORAL,2025-01-01,2025-02-28,QD
SUB039,Drug A 50 mg,50,mg,ORAL,2025-01-01,2025-02-28,QD
SUB040,Drug A 50 mg,50,mg,ORAL,2025-01-01,2025-02-28,QD
SUB041,Drug A 100 mg,100,mg,ORAL,2025-01-01,2025-02-28,QD
SUB042,Drug A 100 mg,100,mg,ORAL,2025-01-01,2025-02-28,QD
SUB043,Drug A 100 mg,100,mg,ORAL,2025-01-01,2025-02-28,QD
SUB044,Drug A 100 mg,100,mg,ORAL,2025-01-01,2025-02-28,QD
SUB045,Drug A 100 mg,100,mg,ORAL,2025-01-01,2025-02-28,QD
SUB046,Drug A 100 mg,100,mg,ORAL,2025-01-01,2025-02-28,QD
SUB047,Drug A 100 mg,100,mg,ORAL,2025-01-01,2025-02-28,QD
SUB048,Drug A 100 mg,100,mg,ORAL,2025-01-01,2025-02-28,QD
SUB049,Drug A 100 mg,100,mg,ORAL,2025-01-01,2025-02-28,QD
SUB050,Drug A 100 mg,100,mg,ORAL,2025-01-01,2025-02-28,QD
SUB051,Drug A 100 mg,100,mg,ORAL,2025-01-01,2025-02-28,QD
SUB052,Drug A 100 mg,100,mg,ORAL,2025-01-01,2025-02-28,QD
SUB053,Drug A 100 mg,100,mg,ORAL,2025-01-01,2025-02-28,QD
SUB054,Drug A 100 mg,100,mg,ORAL,2025-01-01,2025-02-28,QD
SUB055,Drug A 100 mg,100,mg,ORAL,2025-01-01,2025-02-28,QD
SUB056,Drug A 100 mg,100,mg,ORAL,2025-01-01,2025-02-28,QD
SUB057,Drug A 100 mg,100,mg,ORAL,2025-01-01,2025-02-28,QD
SUB058,Drug A 100 mg,100,mg,ORAL,2025-01-01,2025-02-28,QD
SUB059,Drug A 100 mg,100,mg,ORAL,2025-01-01,2025-02-28,QD
SUB060,Drug A 100 mg,100,mg,ORAL,2025-01-01,2025-02-28,QD
